,Running time,XEntropy,Test performance,Best Validation score,Max epochs,N epochs,Activation function - hidden,Activation function - highway,L2_reg parameter,L1_reg parameter,Batch size,Iterations,Hidden neurons per layer,Hidden Layers,Highway Layers,Learning rate,lr_decay,momentum,Patience,b_T
0,0.424592034022,,0.0,inf,50,31,<function relu at 0x7fea12451ed8>,<function relu at 0x7fea12451ed8>,0,0,20,1,50,1,9,0.2,0.95,0.25,10000,-1
1,0.790467397372,,0.0,inf,50,47,<function relu at 0x7fea12451ed8>,<function relu at 0x7fea12451ed8>,0,0,20,1,50,1,9,0.2,0.97,0.25,10000,-1
3,0.880881218115,0.0587976284308,0.0,inf,50,50,<function relu at 0x7fea12451ed8>,<function relu at 0x7fea12451ed8>,0,0,20,1,50,1,9,0.2,0.99,0.25,10000,-1
4,0.520500934124,,0.0,inf,50,27,<function relu at 0x7fea12451ed8>,<function relu at 0x7fea12451ed8>,0,0,20,1,50,1,9,0.2,0.95,0.75,10000,-1
6,0.899017512798,0.139373856032,0.0,inf,50,50,<function relu at 0x7fea12451ed8>,<function relu at 0x7fea12451ed8>,0,0,20,1,50,1,9,0.2,0.97,0.75,10000,-1
7,0.961395001411,0.00108012969618,0.0,inf,50,50,<function relu at 0x7fea12451ed8>,<function relu at 0x7fea12451ed8>,0,0,20,1,50,1,9,0.2,0.99,0.75,10000,-1
8,0.408934315046,,0.0,inf,50,26,<function relu at 0x7fea12451ed8>,<function relu at 0x7fea12451ed8>,0,0,20,1,50,1,9,0.2,0.95,0.9,10000,-1
10,0.867684634527,0.0730041145095,0.0,inf,50,50,<function relu at 0x7fea12451ed8>,<function relu at 0x7fea12451ed8>,0,0,20,1,50,1,9,0.2,0.97,0.9,10000,-1
11,0.89818572998,0.0545055900799,0.0,inf,50,50,<function relu at 0x7fea12451ed8>,<function relu at 0x7fea12451ed8>,0,0,20,1,50,1,9,0.2,0.99,0.9,10000,-1
13,0.708478717009,,0.0,inf,50,37,<function relu at 0x7fea12451ed8>,<function relu at 0x7fea12451ed8>,0,0,20,1,50,1,9,0.2,0.95,0.99,10000,-1
15,0.833466382821,0.0592863773914,0.0,inf,50,50,<function relu at 0x7fea12451ed8>,<function relu at 0x7fea12451ed8>,0,0,20,1,50,1,9,0.2,0.97,0.99,10000,-1
16,0.82302646637,0.0644956374556,0.0,inf,50,50,<function relu at 0x7fea12451ed8>,<function relu at 0x7fea12451ed8>,0,0,20,1,50,1,9,0.2,0.99,0.99,10000,-1
17,0.218166919549,,0.0,inf,50,13,<function relu at 0x7fea12451ed8>,<function relu at 0x7fea12451ed8>,0,0,20,1,50,1,9,0.2,0.95,0.25,10000,-2
19,0.40690223376,,0.0,inf,50,25,<function relu at 0x7fea12451ed8>,<function relu at 0x7fea12451ed8>,0,0,20,1,50,1,9,0.2,0.97,0.25,10000,-2
20,0.877352233728,0.00134302099486,0.0,inf,50,50,<function relu at 0x7fea12451ed8>,<function relu at 0x7fea12451ed8>,0,0,20,1,50,1,9,0.2,0.99,0.25,10000,-2
22,10.1965343157,,0.0,inf,50,20,<function relu at 0x7fea12451ed8>,<function relu at 0x7fea12451ed8>,0,0,20,1,50,1,9,0.2,0.95,0.75,10000,-2
23,0.804678785801,0.0356475634944,0.0,inf,50,50,<function relu at 0x7fea12451ed8>,<function relu at 0x7fea12451ed8>,0,0,20,1,50,1,9,0.2,0.97,0.75,10000,-2
25,0.846642247836,0.000233312618603,0.0,inf,50,50,<function relu at 0x7fea12451ed8>,<function relu at 0x7fea12451ed8>,0,0,20,1,50,1,9,0.2,0.99,0.75,10000,-2
26,0.86365288496,,0.0,inf,50,50,<function relu at 0x7fea12451ed8>,<function relu at 0x7fea12451ed8>,0,0,20,1,50,1,9,0.2,0.95,0.9,10000,-2
28,0.792259550095,0.0179166847742,0.0,inf,50,50,<function relu at 0x7fea12451ed8>,<function relu at 0x7fea12451ed8>,0,0,20,1,50,1,9,0.2,0.97,0.9,10000,-2
30,0.805842498938,0.0794179718872,0.0,inf,50,50,<function relu at 0x7fea12451ed8>,<function relu at 0x7fea12451ed8>,0,0,20,1,50,1,9,0.2,0.99,0.9,10000,-2
32,0.944109284878,0.0540775309802,0.0,inf,50,50,<function relu at 0x7fea12451ed8>,<function relu at 0x7fea12451ed8>,0,0,20,1,50,1,9,0.2,0.95,0.99,10000,-2
33,0.98462400039,0.0231050762719,0.0,inf,50,50,<function relu at 0x7fea12451ed8>,<function relu at 0x7fea12451ed8>,0,0,20,1,50,1,9,0.2,0.97,0.99,10000,-2
35,1.02455091874,0.111627332988,0.0,inf,50,50,<function relu at 0x7fea12451ed8>,<function relu at 0x7fea12451ed8>,0,0,20,1,50,1,9,0.2,0.99,0.99,10000,-2
37,0.798472432295,,0.0,inf,50,39,<function relu at 0x7fea12451ed8>,<function relu at 0x7fea12451ed8>,0,0,20,1,50,1,9,0.2,0.95,0.25,10000,-3
39,0.614458564917,,0.0,inf,50,31,<function relu at 0x7fea12451ed8>,<function relu at 0x7fea12451ed8>,0,0,20,1,50,1,9,0.2,0.97,0.25,10000,-3
40,0.479680832227,,0.0,inf,50,25,<function relu at 0x7fea12451ed8>,<function relu at 0x7fea12451ed8>,0,0,20,1,50,1,9,0.2,0.99,0.25,10000,-3
41,0.900183546543,0.00052717177551,0.0,inf,50,50,<function relu at 0x7fea12451ed8>,<function relu at 0x7fea12451ed8>,0,0,20,1,50,1,9,0.2,0.95,0.75,10000,-3
43,0.960229365031,0.199623845781,0.0,inf,50,50,<function relu at 0x7fea12451ed8>,<function relu at 0x7fea12451ed8>,0,0,20,1,50,1,9,0.2,0.97,0.75,10000,-3
45,0.791991881529,0.000758484573953,0.0,inf,50,50,<function relu at 0x7fea12451ed8>,<function relu at 0x7fea12451ed8>,0,0,20,1,50,1,9,0.2,0.99,0.75,10000,-3
46,0.837245901426,0.0712319322405,0.0,inf,50,50,<function relu at 0x7fea12451ed8>,<function relu at 0x7fea12451ed8>,0,0,20,1,50,1,9,0.2,0.95,0.9,10000,-3
48,1.01311623255,0.0200870452713,0.0,inf,50,50,<function relu at 0x7fea12451ed8>,<function relu at 0x7fea12451ed8>,0,0,20,1,50,1,9,0.2,0.97,0.9,10000,-3
50,1.05830466747,0.000467556933744,0.0,inf,50,50,<function relu at 0x7fea12451ed8>,<function relu at 0x7fea12451ed8>,0,0,20,1,50,1,9,0.2,0.99,0.9,10000,-3
51,0.943341318766,0.0658292108377,0.0,inf,50,50,<function relu at 0x7fea12451ed8>,<function relu at 0x7fea12451ed8>,0,0,20,1,50,1,9,0.2,0.95,0.99,10000,-3
53,0.945739348729,0.0627295385989,0.0,inf,50,50,<function relu at 0x7fea12451ed8>,<function relu at 0x7fea12451ed8>,0,0,20,1,50,1,9,0.2,0.97,0.99,10000,-3
55,1.07300638358,0.0200875501355,0.0,inf,50,50,<function relu at 0x7fea12451ed8>,<function relu at 0x7fea12451ed8>,0,0,20,1,50,1,9,0.2,0.99,0.99,10000,-3
57,1.06409924825,0.0761497623108,0.0,inf,50,50,<function relu at 0x7fea12451ed8>,<function relu at 0x7fea12451ed8>,0,0,20,1,50,1,9,0.15,0.95,0.25,10000,-1
59,1.03348313173,0.0674488093391,0.0,inf,50,50,<function relu at 0x7fea12451ed8>,<function relu at 0x7fea12451ed8>,0,0,20,1,50,1,9,0.15,0.97,0.25,10000,-1
61,0.943941732248,0.0122598733012,0.0,inf,50,50,<function relu at 0x7fea12451ed8>,<function relu at 0x7fea12451ed8>,0,0,20,1,50,1,9,0.15,0.99,0.25,10000,-1
63,0.987464630604,0.0341729225787,0.0,inf,50,50,<function relu at 0x7fea12451ed8>,<function relu at 0x7fea12451ed8>,0,0,20,1,50,1,9,0.15,0.95,0.75,10000,-1
65,1.03059473435,0.0914369732283,0.0,inf,50,50,<function relu at 0x7fea12451ed8>,<function relu at 0x7fea12451ed8>,0,0,20,1,50,1,9,0.15,0.97,0.75,10000,-1
66,0.969494616985,0.0490471665284,0.0,inf,50,50,<function relu at 0x7fea12451ed8>,<function relu at 0x7fea12451ed8>,0,0,20,1,50,1,9,0.15,0.99,0.75,10000,-1
68,1.04526753426,0.104883093699,0.0,inf,50,50,<function relu at 0x7fea12451ed8>,<function relu at 0x7fea12451ed8>,0,0,20,1,50,1,9,0.15,0.95,0.9,10000,-1
70,0.745153617859,,0.0,inf,50,39,<function relu at 0x7fea12451ed8>,<function relu at 0x7fea12451ed8>,0,0,20,1,50,1,9,0.15,0.97,0.9,10000,-1
71,0.908066515128,0.0398270938406,0.0,inf,50,50,<function relu at 0x7fea12451ed8>,<function relu at 0x7fea12451ed8>,0,0,20,1,50,1,9,0.15,0.99,0.9,10000,-1
73,0.948823618889,0.096738172234,0.0,inf,50,50,<function relu at 0x7fea12451ed8>,<function relu at 0x7fea12451ed8>,0,0,20,1,50,1,9,0.15,0.95,0.99,10000,-1
74,0.98277815183,0.0440144578117,0.0,inf,50,50,<function relu at 0x7fea12451ed8>,<function relu at 0x7fea12451ed8>,0,0,20,1,50,1,9,0.15,0.97,0.99,10000,-1
76,1.01712328593,0.0440973761896,0.0,inf,50,50,<function relu at 0x7fea12451ed8>,<function relu at 0x7fea12451ed8>,0,0,20,1,50,1,9,0.15,0.99,0.99,10000,-1
77,0.94534308513,0.0639629913936,0.0,inf,50,50,<function relu at 0x7fea12451ed8>,<function relu at 0x7fea12451ed8>,0,0,20,1,50,1,9,0.15,0.95,0.25,10000,-2
78,1.0339068532,0.0913897136771,0.0,inf,50,50,<function relu at 0x7fea12451ed8>,<function relu at 0x7fea12451ed8>,0,0,20,1,50,1,9,0.15,0.97,0.25,10000,-2
80,0.99583499829,0.000455853455121,0.0,inf,50,50,<function relu at 0x7fea12451ed8>,<function relu at 0x7fea12451ed8>,0,0,20,1,50,1,9,0.15,0.99,0.25,10000,-2
82,0.997710617383,,0.0,inf,50,45,<function relu at 0x7fea12451ed8>,<function relu at 0x7fea12451ed8>,0,0,20,1,50,1,9,0.15,0.95,0.75,10000,-2
83,0.985866399606,0.0154748424292,0.0,inf,50,50,<function relu at 0x7fea12451ed8>,<function relu at 0x7fea12451ed8>,0,0,20,1,50,1,9,0.15,0.97,0.75,10000,-2
85,1.00366983414,0.00239634304271,0.0,inf,50,50,<function relu at 0x7fea12451ed8>,<function relu at 0x7fea12451ed8>,0,0,20,1,50,1,9,0.15,0.99,0.75,10000,-2
86,1.00427980026,0.0465210468591,0.0,inf,50,50,<function relu at 0x7fea12451ed8>,<function relu at 0x7fea12451ed8>,0,0,20,1,50,1,9,0.15,0.95,0.9,10000,-2
88,0.986615252495,0.0314297211779,0.0,inf,50,50,<function relu at 0x7fea12451ed8>,<function relu at 0x7fea12451ed8>,0,0,20,1,50,1,9,0.15,0.97,0.9,10000,-2
89,1.07649929921,0.0309041011383,0.0,inf,50,50,<function relu at 0x7fea12451ed8>,<function relu at 0x7fea12451ed8>,0,0,20,1,50,1,9,0.15,0.99,0.9,10000,-2
91,0.981140784423,0.0683012893461,0.0,inf,50,50,<function relu at 0x7fea12451ed8>,<function relu at 0x7fea12451ed8>,0,0,20,1,50,1,9,0.15,0.95,0.99,10000,-2
92,0.97626529932,0.117865194867,0.0,inf,50,50,<function relu at 0x7fea12451ed8>,<function relu at 0x7fea12451ed8>,0,0,20,1,50,1,9,0.15,0.97,0.99,10000,-2
94,1.00351161559,0.0422724272218,0.0,inf,50,50,<function relu at 0x7fea12451ed8>,<function relu at 0x7fea12451ed8>,0,0,20,1,50,1,9,0.15,0.99,0.99,10000,-2
95,1.03103538354,0.0788098854147,0.0,inf,50,50,<function relu at 0x7fea12451ed8>,<function relu at 0x7fea12451ed8>,0,0,20,1,50,1,9,0.15,0.95,0.25,10000,-3
97,1.03519996802,0.0476555047123,0.0,inf,50,50,<function relu at 0x7fea12451ed8>,<function relu at 0x7fea12451ed8>,0,0,20,1,50,1,9,0.15,0.97,0.25,10000,-3
98,0.996494150162,0.000264851274628,0.0,inf,50,50,<function relu at 0x7fea12451ed8>,<function relu at 0x7fea12451ed8>,0,0,20,1,50,1,9,0.15,0.99,0.25,10000,-3
100,0.930671266715,0.000258306113325,0.0,inf,50,50,<function relu at 0x7fea12451ed8>,<function relu at 0x7fea12451ed8>,0,0,20,1,50,1,9,0.15,0.95,0.75,10000,-3
101,0.884505784512,0.0010242430174,0.0,inf,50,50,<function relu at 0x7fea12451ed8>,<function relu at 0x7fea12451ed8>,0,0,20,1,50,1,9,0.15,0.97,0.75,10000,-3
103,0.844436951478,0.00138696479022,0.0,inf,50,50,<function relu at 0x7fea12451ed8>,<function relu at 0x7fea12451ed8>,0,0,20,1,50,1,9,0.15,0.99,0.75,10000,-3
104,0.855741433303,0.00895635360192,0.0,inf,50,50,<function relu at 0x7fea12451ed8>,<function relu at 0x7fea12451ed8>,0,0,20,1,50,1,9,0.15,0.95,0.9,10000,-3
106,1.06020421584,0.000547730182499,0.0,inf,50,50,<function relu at 0x7fea12451ed8>,<function relu at 0x7fea12451ed8>,0,0,20,1,50,1,9,0.15,0.97,0.9,10000,-3
107,1.05620981455,0.000409495825085,0.0,inf,50,50,<function relu at 0x7fea12451ed8>,<function relu at 0x7fea12451ed8>,0,0,20,1,50,1,9,0.15,0.99,0.9,10000,-3
109,0.885741353035,0.0389367030862,0.0,inf,50,50,<function relu at 0x7fea12451ed8>,<function relu at 0x7fea12451ed8>,0,0,20,1,50,1,9,0.15,0.95,0.99,10000,-3
110,0.807863434156,0.0257579687068,0.0,inf,50,50,<function relu at 0x7fea12451ed8>,<function relu at 0x7fea12451ed8>,0,0,20,1,50,1,9,0.15,0.97,0.99,10000,-3
112,0.838926251729,0.0131373149123,0.0,inf,50,50,<function relu at 0x7fea12451ed8>,<function relu at 0x7fea12451ed8>,0,0,20,1,50,1,9,0.15,0.99,0.99,10000,-3
113,0.842935335636,0.0354982070967,0.0,inf,50,50,<function relu at 0x7fea12451ed8>,<function relu at 0x7fea12451ed8>,0,0,20,1,50,1,9,0.1,0.95,0.25,10000,-1
115,0.766867132982,0.0754992905157,0.0,inf,50,50,<function relu at 0x7fea12451ed8>,<function relu at 0x7fea12451ed8>,0,0,20,1,50,1,9,0.1,0.97,0.25,10000,-1
116,0.763172113895,0.0465636924988,0.0,inf,50,50,<function relu at 0x7fea12451ed8>,<function relu at 0x7fea12451ed8>,0,0,20,1,50,1,9,0.1,0.99,0.25,10000,-1
118,0.768953247865,0.025289276458,0.0,inf,50,50,<function relu at 0x7fea12451ed8>,<function relu at 0x7fea12451ed8>,0,0,20,1,50,1,9,0.1,0.95,0.75,10000,-1
120,0.821465885639,0.0400385204638,0.0,inf,50,50,<function relu at 0x7fea12451ed8>,<function relu at 0x7fea12451ed8>,0,0,20,1,50,1,9,0.1,0.97,0.75,10000,-1
121,0.851199583213,0.00132688378511,0.0,inf,50,50,<function relu at 0x7fea12451ed8>,<function relu at 0x7fea12451ed8>,0,0,20,1,50,1,9,0.1,0.99,0.75,10000,-1
123,0.845984665553,0.0440524177372,0.0,inf,50,50,<function relu at 0x7fea12451ed8>,<function relu at 0x7fea12451ed8>,0,0,20,1,50,1,9,0.1,0.95,0.9,10000,-1
125,0.798958500226,0.0247084949268,0.0,inf,50,50,<function relu at 0x7fea12451ed8>,<function relu at 0x7fea12451ed8>,0,0,20,1,50,1,9,0.1,0.97,0.9,10000,-1
126,1.03570996523,0.00712601154738,0.0,inf,50,50,<function relu at 0x7fea12451ed8>,<function relu at 0x7fea12451ed8>,0,0,20,1,50,1,9,0.1,0.99,0.9,10000,-1
128,0.951015516122,0.0570842798852,0.0,inf,50,50,<function relu at 0x7fea12451ed8>,<function relu at 0x7fea12451ed8>,0,0,20,1,50,1,9,0.1,0.95,0.99,10000,-1
130,0.960589583715,0.0348372369059,0.0,inf,50,50,<function relu at 0x7fea12451ed8>,<function relu at 0x7fea12451ed8>,0,0,20,1,50,1,9,0.1,0.97,0.99,10000,-1
131,0.927688264847,0.0462304864846,0.0,inf,50,50,<function relu at 0x7fea12451ed8>,<function relu at 0x7fea12451ed8>,0,0,20,1,50,1,9,0.1,0.99,0.99,10000,-1
133,1.00224353472,0.00108644423397,0.0,inf,50,50,<function relu at 0x7fea12451ed8>,<function relu at 0x7fea12451ed8>,0,0,20,1,50,1,9,0.1,0.95,0.25,10000,-2
135,0.981833350658,0.0451853095484,0.0,inf,50,50,<function relu at 0x7fea12451ed8>,<function relu at 0x7fea12451ed8>,0,0,20,1,50,1,9,0.1,0.97,0.25,10000,-2
137,0.946536080043,0.000517115485713,0.0,inf,50,50,<function relu at 0x7fea12451ed8>,<function relu at 0x7fea12451ed8>,0,0,20,1,50,1,9,0.1,0.99,0.25,10000,-2
138,0.859956665834,0.0345923174572,0.0,inf,50,50,<function relu at 0x7fea12451ed8>,<function relu at 0x7fea12451ed8>,0,0,20,1,50,1,9,0.1,0.95,0.75,10000,-2
140,0.761394385497,0.000953293070688,0.0,inf,50,50,<function relu at 0x7fea12451ed8>,<function relu at 0x7fea12451ed8>,0,0,20,1,50,1,9,0.1,0.97,0.75,10000,-2
142,0.780461148421,0.00126165722851,0.0,inf,50,50,<function relu at 0x7fea12451ed8>,<function relu at 0x7fea12451ed8>,0,0,20,1,50,1,9,0.1,0.99,0.75,10000,-2
143,0.96906529665,0.0429856172656,0.0,inf,50,50,<function relu at 0x7fea12451ed8>,<function relu at 0x7fea12451ed8>,0,0,20,1,50,1,9,0.1,0.95,0.9,10000,-2
145,0.904929582278,0.0377454771657,0.0,inf,50,50,<function relu at 0x7fea12451ed8>,<function relu at 0x7fea12451ed8>,0,0,20,1,50,1,9,0.1,0.97,0.9,10000,-2
146,0.847944219907,0.0839671802906,0.0,inf,50,50,<function relu at 0x7fea12451ed8>,<function relu at 0x7fea12451ed8>,0,0,20,1,50,1,9,0.1,0.99,0.9,10000,-2
148,0.898154298464,0.0497075749902,0.0,inf,50,50,<function relu at 0x7fea12451ed8>,<function relu at 0x7fea12451ed8>,0,0,20,1,50,1,9,0.1,0.95,0.99,10000,-2
149,0.871974050999,0.124505584349,0.0,inf,50,50,<function relu at 0x7fea12451ed8>,<function relu at 0x7fea12451ed8>,0,0,20,1,50,1,9,0.1,0.97,0.99,10000,-2
151,0.772229417165,0.0210330857489,0.0,inf,50,50,<function relu at 0x7fea12451ed8>,<function relu at 0x7fea12451ed8>,0,0,20,1,50,1,9,0.1,0.99,0.99,10000,-2
152,0.7769952178,0.0483432801821,0.0,inf,50,50,<function relu at 0x7fea12451ed8>,<function relu at 0x7fea12451ed8>,0,0,20,1,50,1,9,0.1,0.95,0.25,10000,-3
154,0.817851817608,0.000864934716436,0.0,inf,50,50,<function relu at 0x7fea12451ed8>,<function relu at 0x7fea12451ed8>,0,0,20,1,50,1,9,0.1,0.97,0.25,10000,-3
155,0.968127950033,0.000454045062297,0.0,inf,50,50,<function relu at 0x7fea12451ed8>,<function relu at 0x7fea12451ed8>,0,0,20,1,50,1,9,0.1,0.99,0.25,10000,-3
157,1.08451236884,0.000330760533277,0.0,inf,50,50,<function relu at 0x7fea12451ed8>,<function relu at 0x7fea12451ed8>,0,0,20,1,50,1,9,0.1,0.95,0.75,10000,-3
158,1.01112035116,0.0294307726246,0.0,inf,50,50,<function relu at 0x7fea12451ed8>,<function relu at 0x7fea12451ed8>,0,0,20,1,50,1,9,0.1,0.97,0.75,10000,-3
160,1.0271257321,0.000568435059071,0.0,inf,50,50,<function relu at 0x7fea12451ed8>,<function relu at 0x7fea12451ed8>,0,0,20,1,50,1,9,0.1,0.99,0.75,10000,-3
161,1.05131423076,0.029753340292,0.0,inf,50,50,<function relu at 0x7fea12451ed8>,<function relu at 0x7fea12451ed8>,0,0,20,1,50,1,9,0.1,0.95,0.9,10000,-3
163,0.93148603042,0.0805215759585,0.0,inf,50,50,<function relu at 0x7fea12451ed8>,<function relu at 0x7fea12451ed8>,0,0,20,1,50,1,9,0.1,0.97,0.9,10000,-3
164,0.790124817689,0.000523054149774,0.0,inf,50,50,<function relu at 0x7fea12451ed8>,<function relu at 0x7fea12451ed8>,0,0,20,1,50,1,9,0.1,0.99,0.9,10000,-3
166,0.779000814756,0.0456273854517,0.0,inf,50,50,<function relu at 0x7fea12451ed8>,<function relu at 0x7fea12451ed8>,0,0,20,1,50,1,9,0.1,0.95,0.99,10000,-3
167,0.748650964101,0.0494829566239,0.0,inf,50,50,<function relu at 0x7fea12451ed8>,<function relu at 0x7fea12451ed8>,0,0,20,1,50,1,9,0.1,0.97,0.99,10000,-3
169,1.00995883544,0.0136389162257,0.0,inf,50,50,<function relu at 0x7fea12451ed8>,<function relu at 0x7fea12451ed8>,0,0,20,1,50,1,9,0.1,0.99,0.99,10000,-3
170,1.02859255075,0.0620463595855,0.0,inf,50,50,<function relu at 0x7fea12451ed8>,"Elemwise{tanh,no_inplace}",0,0,20,1,50,1,9,0.2,0.95,0.25,10000,-1
172,0.973861134052,0.000616591662629,0.0,inf,50,50,<function relu at 0x7fea12451ed8>,"Elemwise{tanh,no_inplace}",0,0,20,1,50,1,9,0.2,0.97,0.25,10000,-1
173,0.972927383582,0.00068360119924,0.0,inf,50,50,<function relu at 0x7fea12451ed8>,"Elemwise{tanh,no_inplace}",0,0,20,1,50,1,9,0.2,0.99,0.25,10000,-1
175,0.980854384104,0.0786752070589,0.0,inf,50,50,<function relu at 0x7fea12451ed8>,"Elemwise{tanh,no_inplace}",0,0,20,1,50,1,9,0.2,0.95,0.75,10000,-1
176,0.887206566334,0.0711599115115,0.0,inf,50,50,<function relu at 0x7fea12451ed8>,"Elemwise{tanh,no_inplace}",0,0,20,1,50,1,9,0.2,0.97,0.75,10000,-1
178,0.845449050268,0.000774709160282,0.0,inf,50,50,<function relu at 0x7fea12451ed8>,"Elemwise{tanh,no_inplace}",0,0,20,1,50,1,9,0.2,0.99,0.75,10000,-1
179,0.837887565295,0.111617325417,0.0,inf,50,50,<function relu at 0x7fea12451ed8>,"Elemwise{tanh,no_inplace}",0,0,20,1,50,1,9,0.2,0.95,0.9,10000,-1
181,0.901097432772,0.0151519451044,0.0,inf,50,50,<function relu at 0x7fea12451ed8>,"Elemwise{tanh,no_inplace}",0,0,20,1,50,1,9,0.2,0.97,0.9,10000,-1
182,0.882171964645,0.118724745295,0.0,inf,50,50,<function relu at 0x7fea12451ed8>,"Elemwise{tanh,no_inplace}",0,0,20,1,50,1,9,0.2,0.99,0.9,10000,-1
184,0.961604932944,0.0580302751814,0.0,inf,50,50,<function relu at 0x7fea12451ed8>,"Elemwise{tanh,no_inplace}",0,0,20,1,50,1,9,0.2,0.95,0.99,10000,-1
185,0.992308398088,0.159476629008,0.0,inf,50,50,<function relu at 0x7fea12451ed8>,"Elemwise{tanh,no_inplace}",0,0,20,1,50,1,9,0.2,0.97,0.99,10000,-1
187,0.834088782469,0.00878399910708,0.0,inf,50,50,<function relu at 0x7fea12451ed8>,"Elemwise{tanh,no_inplace}",0,0,20,1,50,1,9,0.2,0.99,0.99,10000,-1
188,0.902139151096,0.0146829364019,0.0,inf,50,50,<function relu at 0x7fea12451ed8>,"Elemwise{tanh,no_inplace}",0,0,20,1,50,1,9,0.2,0.95,0.25,10000,-2
190,1.07001021703,0.0518236457339,0.0,inf,50,50,<function relu at 0x7fea12451ed8>,"Elemwise{tanh,no_inplace}",0,0,20,1,50,1,9,0.2,0.97,0.25,10000,-2
191,1.02096606493,0.000720562510237,0.0,inf,50,50,<function relu at 0x7fea12451ed8>,"Elemwise{tanh,no_inplace}",0,0,20,1,50,1,9,0.2,0.99,0.25,10000,-2
193,1.0295096159,0.0388659275734,0.0,inf,50,50,<function relu at 0x7fea12451ed8>,"Elemwise{tanh,no_inplace}",0,0,20,1,50,1,9,0.2,0.95,0.75,10000,-2
194,1.10385938485,0.0308562504731,0.0,inf,50,50,<function relu at 0x7fea12451ed8>,"Elemwise{tanh,no_inplace}",0,0,20,1,50,1,9,0.2,0.97,0.75,10000,-2
196,1.01977914969,0.000785680375131,0.0,inf,50,50,<function relu at 0x7fea12451ed8>,"Elemwise{tanh,no_inplace}",0,0,20,1,50,1,9,0.2,0.99,0.75,10000,-2
197,0.858550985654,0.042987204422,0.0,inf,50,50,<function relu at 0x7fea12451ed8>,"Elemwise{tanh,no_inplace}",0,0,20,1,50,1,9,0.2,0.95,0.9,10000,-2
199,0.902669115861,0.000385658428147,0.0,inf,50,50,<function relu at 0x7fea12451ed8>,"Elemwise{tanh,no_inplace}",0,0,20,1,50,1,9,0.2,0.97,0.9,10000,-2
200,1.0321192503,0.000631674662472,0.0,inf,50,50,<function relu at 0x7fea12451ed8>,"Elemwise{tanh,no_inplace}",0,0,20,1,50,1,9,0.2,0.99,0.9,10000,-2
202,0.939848299821,0.00434428417332,0.0,inf,50,50,<function relu at 0x7fea12451ed8>,"Elemwise{tanh,no_inplace}",0,0,20,1,50,1,9,0.2,0.95,0.99,10000,-2
204,0.913053166866,0.0408290234018,0.0,inf,50,50,<function relu at 0x7fea12451ed8>,"Elemwise{tanh,no_inplace}",0,0,20,1,50,1,9,0.2,0.97,0.99,10000,-2
205,1.10818893512,0.00080811419278,0.0,inf,50,50,<function relu at 0x7fea12451ed8>,"Elemwise{tanh,no_inplace}",0,0,20,1,50,1,9,0.2,0.99,0.99,10000,-2
207,0.863091735045,0.000383760634138,0.0,inf,50,50,<function relu at 0x7fea12451ed8>,"Elemwise{tanh,no_inplace}",0,0,20,1,50,1,9,0.2,0.95,0.25,10000,-3
209,1.04963621696,0.000433022918526,0.0,inf,50,50,<function relu at 0x7fea12451ed8>,"Elemwise{tanh,no_inplace}",0,0,20,1,50,1,9,0.2,0.97,0.25,10000,-3
211,0.890041232109,0.000611274485599,0.0,inf,50,50,<function relu at 0x7fea12451ed8>,"Elemwise{tanh,no_inplace}",0,0,20,1,50,1,9,0.2,0.99,0.25,10000,-3
212,0.814003117879,0.00159702808804,0.0,inf,50,50,<function relu at 0x7fea12451ed8>,"Elemwise{tanh,no_inplace}",0,0,20,1,50,1,9,0.2,0.95,0.75,10000,-3
214,0.968093117078,0.00043020681193,0.0,inf,50,50,<function relu at 0x7fea12451ed8>,"Elemwise{tanh,no_inplace}",0,0,20,1,50,1,9,0.2,0.97,0.75,10000,-3
216,0.891377735138,0.000521584779514,0.0,inf,50,50,<function relu at 0x7fea12451ed8>,"Elemwise{tanh,no_inplace}",0,0,20,1,50,1,9,0.2,0.99,0.75,10000,-3
217,0.881140347322,0.0585862994837,0.0,inf,50,50,<function relu at 0x7fea12451ed8>,"Elemwise{tanh,no_inplace}",0,0,20,1,50,1,9,0.2,0.95,0.9,10000,-3
219,0.90214231809,0.000577877547855,0.0,inf,50,50,<function relu at 0x7fea12451ed8>,"Elemwise{tanh,no_inplace}",0,0,20,1,50,1,9,0.2,0.97,0.9,10000,-3
220,1.02316441536,0.000534012235448,0.0,inf,50,50,<function relu at 0x7fea12451ed8>,"Elemwise{tanh,no_inplace}",0,0,20,1,50,1,9,0.2,0.99,0.9,10000,-3
222,0.971385316054,0.00080396489762,0.0,inf,50,50,<function relu at 0x7fea12451ed8>,"Elemwise{tanh,no_inplace}",0,0,20,1,50,1,9,0.2,0.95,0.99,10000,-3
223,1.07300374905,0.0477842950067,0.0,inf,50,50,<function relu at 0x7fea12451ed8>,"Elemwise{tanh,no_inplace}",0,0,20,1,50,1,9,0.2,0.97,0.99,10000,-3
225,1.01115065018,0.00153333280082,0.0,inf,50,50,<function relu at 0x7fea12451ed8>,"Elemwise{tanh,no_inplace}",0,0,20,1,50,1,9,0.2,0.99,0.99,10000,-3
226,0.896522700787,0.0248841960807,0.0,inf,50,50,<function relu at 0x7fea12451ed8>,"Elemwise{tanh,no_inplace}",0,0,20,1,50,1,9,0.15,0.95,0.25,10000,-1
228,0.87170851628,0.018956986009,0.0,inf,50,50,<function relu at 0x7fea12451ed8>,"Elemwise{tanh,no_inplace}",0,0,20,1,50,1,9,0.15,0.97,0.25,10000,-1
229,0.973533252875,0.00129016586577,0.0,inf,50,50,<function relu at 0x7fea12451ed8>,"Elemwise{tanh,no_inplace}",0,0,20,1,50,1,9,0.15,0.99,0.25,10000,-1
231,0.898235066732,0.049507892068,0.0,inf,50,50,<function relu at 0x7fea12451ed8>,"Elemwise{tanh,no_inplace}",0,0,20,1,50,1,9,0.15,0.95,0.75,10000,-1
232,0.798781565825,0.115086032933,0.0,inf,50,50,<function relu at 0x7fea12451ed8>,"Elemwise{tanh,no_inplace}",0,0,20,1,50,1,9,0.15,0.97,0.75,10000,-1
234,0.806375082334,0.00103849270105,0.0,inf,50,50,<function relu at 0x7fea12451ed8>,"Elemwise{tanh,no_inplace}",0,0,20,1,50,1,9,0.15,0.99,0.75,10000,-1
235,0.866909499963,0.0965706646394,0.0,inf,50,50,<function relu at 0x7fea12451ed8>,"Elemwise{tanh,no_inplace}",0,0,20,1,50,1,9,0.15,0.95,0.9,10000,-1
236,0.79478290081,0.0248891612492,0.0,inf,50,50,<function relu at 0x7fea12451ed8>,"Elemwise{tanh,no_inplace}",0,0,20,1,50,1,9,0.15,0.97,0.9,10000,-1
238,0.96576054891,0.00100224160429,0.0,inf,50,50,<function relu at 0x7fea12451ed8>,"Elemwise{tanh,no_inplace}",0,0,20,1,50,1,9,0.15,0.99,0.9,10000,-1
239,0.81134023269,0.0249135211318,0.0,inf,50,50,<function relu at 0x7fea12451ed8>,"Elemwise{tanh,no_inplace}",0,0,20,1,50,1,9,0.15,0.95,0.99,10000,-1
241,0.778142213821,0.0683146558919,0.0,inf,50,50,<function relu at 0x7fea12451ed8>,"Elemwise{tanh,no_inplace}",0,0,20,1,50,1,9,0.15,0.97,0.99,10000,-1
242,0.807530033588,0.00128110878797,0.0,inf,50,50,<function relu at 0x7fea12451ed8>,"Elemwise{tanh,no_inplace}",0,0,20,1,50,1,9,0.15,0.99,0.99,10000,-1
244,1.10752183199,0.00102152782932,0.0,inf,50,50,<function relu at 0x7fea12451ed8>,"Elemwise{tanh,no_inplace}",0,0,20,1,50,1,9,0.15,0.95,0.25,10000,-2
245,1.05292313099,0.000513198661867,0.0,inf,50,50,<function relu at 0x7fea12451ed8>,"Elemwise{tanh,no_inplace}",0,0,20,1,50,1,9,0.15,0.97,0.25,10000,-2
247,0.795766580105,0.00075908756362,0.0,inf,50,50,<function relu at 0x7fea12451ed8>,"Elemwise{tanh,no_inplace}",0,0,20,1,50,1,9,0.15,0.99,0.25,10000,-2
248,0.855292713642,0.0222342440866,0.0,inf,50,50,<function relu at 0x7fea12451ed8>,"Elemwise{tanh,no_inplace}",0,0,20,1,50,1,9,0.15,0.95,0.75,10000,-2
250,0.87363593181,0.0124022952674,0.0,inf,50,50,<function relu at 0x7fea12451ed8>,"Elemwise{tanh,no_inplace}",0,0,20,1,50,1,9,0.15,0.97,0.75,10000,-2
251,0.78410081466,0.00101115396906,0.0,inf,50,50,<function relu at 0x7fea12451ed8>,"Elemwise{tanh,no_inplace}",0,0,20,1,50,1,9,0.15,0.99,0.75,10000,-2
253,0.816950849692,0.000692195002917,0.0,inf,50,50,<function relu at 0x7fea12451ed8>,"Elemwise{tanh,no_inplace}",0,0,20,1,50,1,9,0.15,0.95,0.9,10000,-2
254,0.885116616885,0.000819088554645,0.0,inf,50,50,<function relu at 0x7fea12451ed8>,"Elemwise{tanh,no_inplace}",0,0,20,1,50,1,9,0.15,0.97,0.9,10000,-2
256,0.79686199824,0.000839466553666,0.0,inf,50,50,<function relu at 0x7fea12451ed8>,"Elemwise{tanh,no_inplace}",0,0,20,1,50,1,9,0.15,0.99,0.9,10000,-2
257,0.830605483055,0.002554932588,0.0,inf,50,50,<function relu at 0x7fea12451ed8>,"Elemwise{tanh,no_inplace}",0,0,20,1,50,1,9,0.15,0.95,0.99,10000,-2
259,0.830490318934,0.0141110586483,0.0,inf,50,50,<function relu at 0x7fea12451ed8>,"Elemwise{tanh,no_inplace}",0,0,20,1,50,1,9,0.15,0.97,0.99,10000,-2
260,0.80322693189,0.000890164305736,0.0,inf,50,50,<function relu at 0x7fea12451ed8>,"Elemwise{tanh,no_inplace}",0,0,20,1,50,1,9,0.15,0.99,0.99,10000,-2
262,0.848257617156,0.000471428447106,0.0,inf,50,50,<function relu at 0x7fea12451ed8>,"Elemwise{tanh,no_inplace}",0,0,20,1,50,1,9,0.15,0.95,0.25,10000,-3
263,0.853552234173,0.000492169622663,0.0,inf,50,50,<function relu at 0x7fea12451ed8>,"Elemwise{tanh,no_inplace}",0,0,20,1,50,1,9,0.15,0.97,0.25,10000,-3
264,0.811425133546,0.000660733368714,0.0,inf,50,50,<function relu at 0x7fea12451ed8>,"Elemwise{tanh,no_inplace}",0,0,20,1,50,1,9,0.15,0.99,0.25,10000,-3
266,0.784610100587,0.000519710162562,0.0,inf,50,50,<function relu at 0x7fea12451ed8>,"Elemwise{tanh,no_inplace}",0,0,20,1,50,1,9,0.15,0.95,0.75,10000,-3
267,0.809350581964,0.000626764833214,0.0,inf,50,50,<function relu at 0x7fea12451ed8>,"Elemwise{tanh,no_inplace}",0,0,20,1,50,1,9,0.15,0.97,0.75,10000,-3
269,0.837563268344,0.000677545488187,0.0,inf,50,50,<function relu at 0x7fea12451ed8>,"Elemwise{tanh,no_inplace}",0,0,20,1,50,1,9,0.15,0.99,0.75,10000,-3
270,0.794244201978,0.000778849433869,0.0,inf,50,50,<function relu at 0x7fea12451ed8>,"Elemwise{tanh,no_inplace}",0,0,20,1,50,1,9,0.15,0.95,0.9,10000,-3
272,0.800067615509,0.000561158515536,0.0,inf,50,50,<function relu at 0x7fea12451ed8>,"Elemwise{tanh,no_inplace}",0,0,20,1,50,1,9,0.15,0.97,0.9,10000,-3
273,0.805573018392,0.000738107743343,0.0,inf,50,50,<function relu at 0x7fea12451ed8>,"Elemwise{tanh,no_inplace}",0,0,20,1,50,1,9,0.15,0.99,0.9,10000,-3
275,0.814446481069,0.000548533266776,0.0,inf,50,50,<function relu at 0x7fea12451ed8>,"Elemwise{tanh,no_inplace}",0,0,20,1,50,1,9,0.15,0.95,0.99,10000,-3
276,0.842300518354,0.00124909466863,0.0,inf,50,50,<function relu at 0x7fea12451ed8>,"Elemwise{tanh,no_inplace}",0,0,20,1,50,1,9,0.15,0.97,0.99,10000,-3
278,0.786439967155,0.000832339454062,0.0,inf,50,50,<function relu at 0x7fea12451ed8>,"Elemwise{tanh,no_inplace}",0,0,20,1,50,1,9,0.15,0.99,0.99,10000,-3
279,0.832145833969,0.00145565648359,0.0,inf,50,50,<function relu at 0x7fea12451ed8>,"Elemwise{tanh,no_inplace}",0,0,20,1,50,1,9,0.1,0.95,0.25,10000,-1
281,0.814204784234,0.00116775217562,0.0,inf,50,50,<function relu at 0x7fea12451ed8>,"Elemwise{tanh,no_inplace}",0,0,20,1,50,1,9,0.1,0.97,0.25,10000,-1
282,0.805964934826,0.00167308375741,0.0,inf,50,50,<function relu at 0x7fea12451ed8>,"Elemwise{tanh,no_inplace}",0,0,20,1,50,1,9,0.1,0.99,0.25,10000,-1
284,0.861629466216,0.00226703284502,0.0,inf,50,50,<function relu at 0x7fea12451ed8>,"Elemwise{tanh,no_inplace}",0,0,20,1,50,1,9,0.1,0.95,0.75,10000,-1
285,0.823979234695,0.00096652372898,0.0,inf,50,50,<function relu at 0x7fea12451ed8>,"Elemwise{tanh,no_inplace}",0,0,20,1,50,1,9,0.1,0.97,0.75,10000,-1
287,0.831186747551,0.00138353063886,0.0,inf,50,50,<function relu at 0x7fea12451ed8>,"Elemwise{tanh,no_inplace}",0,0,20,1,50,1,9,0.1,0.99,0.75,10000,-1
288,0.831432350477,0.0275014980822,0.0,inf,50,50,<function relu at 0x7fea12451ed8>,"Elemwise{tanh,no_inplace}",0,0,20,1,50,1,9,0.1,0.95,0.9,10000,-1
290,0.829091616472,0.00126318790422,0.0,inf,50,50,<function relu at 0x7fea12451ed8>,"Elemwise{tanh,no_inplace}",0,0,20,1,50,1,9,0.1,0.97,0.9,10000,-1
291,0.794625683626,0.00154732574295,0.0,inf,50,50,<function relu at 0x7fea12451ed8>,"Elemwise{tanh,no_inplace}",0,0,20,1,50,1,9,0.1,0.99,0.9,10000,-1
292,0.79126081864,0.0224684015748,0.0,inf,50,50,<function relu at 0x7fea12451ed8>,"Elemwise{tanh,no_inplace}",0,0,20,1,50,1,9,0.1,0.95,0.99,10000,-1
294,0.823038915793,0.120500379148,0.0,inf,50,50,<function relu at 0x7fea12451ed8>,"Elemwise{tanh,no_inplace}",0,0,20,1,50,1,9,0.1,0.97,0.99,10000,-1
295,0.812794216474,0.00262231752774,0.0,inf,50,50,<function relu at 0x7fea12451ed8>,"Elemwise{tanh,no_inplace}",0,0,20,1,50,1,9,0.1,0.99,0.99,10000,-1
297,0.828520548344,0.00129406082454,0.0,inf,50,50,<function relu at 0x7fea12451ed8>,"Elemwise{tanh,no_inplace}",0,0,20,1,50,1,9,0.1,0.95,0.25,10000,-2
298,0.813346616427,0.00102265322681,0.0,inf,50,50,<function relu at 0x7fea12451ed8>,"Elemwise{tanh,no_inplace}",0,0,20,1,50,1,9,0.1,0.97,0.25,10000,-2
300,0.823457217216,0.00125821528753,0.0,inf,50,50,<function relu at 0x7fea12451ed8>,"Elemwise{tanh,no_inplace}",0,0,20,1,50,1,9,0.1,0.99,0.25,10000,-2
301,0.81076015234,0.000864180349318,0.0,inf,50,50,<function relu at 0x7fea12451ed8>,"Elemwise{tanh,no_inplace}",0,0,20,1,50,1,9,0.1,0.95,0.75,10000,-2
303,0.861958102385,0.000859831592081,0.0,inf,50,50,<function relu at 0x7fea12451ed8>,"Elemwise{tanh,no_inplace}",0,0,20,1,50,1,9,0.1,0.97,0.75,10000,-2
304,0.810237781207,0.00112028417193,0.0,inf,50,50,<function relu at 0x7fea12451ed8>,"Elemwise{tanh,no_inplace}",0,0,20,1,50,1,9,0.1,0.99,0.75,10000,-2
306,0.810781232516,0.00149260738852,0.0,inf,50,50,<function relu at 0x7fea12451ed8>,"Elemwise{tanh,no_inplace}",0,0,20,1,50,1,9,0.1,0.95,0.9,10000,-2
307,0.854467602571,0.00759143335441,0.0,inf,50,50,<function relu at 0x7fea12451ed8>,"Elemwise{tanh,no_inplace}",0,0,20,1,50,1,9,0.1,0.97,0.9,10000,-2
309,0.79707510074,0.00160443292702,0.0,inf,50,50,<function relu at 0x7fea12451ed8>,"Elemwise{tanh,no_inplace}",0,0,20,1,50,1,9,0.1,0.99,0.9,10000,-2
310,0.842356967926,0.0015494316311,0.0,inf,50,50,<function relu at 0x7fea12451ed8>,"Elemwise{tanh,no_inplace}",0,0,20,1,50,1,9,0.1,0.95,0.99,10000,-2
312,0.802071249485,0.0264875617376,0.0,inf,50,50,<function relu at 0x7fea12451ed8>,"Elemwise{tanh,no_inplace}",0,0,20,1,50,1,9,0.1,0.97,0.99,10000,-2
313,0.873642464479,0.00157275900742,0.0,inf,50,50,<function relu at 0x7fea12451ed8>,"Elemwise{tanh,no_inplace}",0,0,20,1,50,1,9,0.1,0.99,0.99,10000,-2
315,0.78798358043,0.00079377345764,0.0,inf,50,50,<function relu at 0x7fea12451ed8>,"Elemwise{tanh,no_inplace}",0,0,20,1,50,1,9,0.1,0.95,0.25,10000,-3
316,0.836751198769,0.000784984096594,0.0,inf,50,50,<function relu at 0x7fea12451ed8>,"Elemwise{tanh,no_inplace}",0,0,20,1,50,1,9,0.1,0.97,0.25,10000,-3
317,0.817152901491,0.00108328924567,0.0,inf,50,50,<function relu at 0x7fea12451ed8>,"Elemwise{tanh,no_inplace}",0,0,20,1,50,1,9,0.1,0.99,0.25,10000,-3
319,0.812656946977,0.000719605715625,0.0,inf,50,50,<function relu at 0x7fea12451ed8>,"Elemwise{tanh,no_inplace}",0,0,20,1,50,1,9,0.1,0.95,0.75,10000,-3
320,0.817762684822,0.000780167171178,0.0,inf,50,50,<function relu at 0x7fea12451ed8>,"Elemwise{tanh,no_inplace}",0,0,20,1,50,1,9,0.1,0.97,0.75,10000,-3
322,0.793313817183,0.00127976370656,0.0,inf,50,50,<function relu at 0x7fea12451ed8>,"Elemwise{tanh,no_inplace}",0,0,20,1,50,1,9,0.1,0.99,0.75,10000,-3
323,0.817998949687,0.000806863105794,0.0,inf,50,50,<function relu at 0x7fea12451ed8>,"Elemwise{tanh,no_inplace}",0,0,20,1,50,1,9,0.1,0.95,0.9,10000,-3
325,0.800302167734,0.000889528704381,0.0,inf,50,50,<function relu at 0x7fea12451ed8>,"Elemwise{tanh,no_inplace}",0,0,20,1,50,1,9,0.1,0.97,0.9,10000,-3
326,0.821767719587,0.00124480433459,0.0,inf,50,50,<function relu at 0x7fea12451ed8>,"Elemwise{tanh,no_inplace}",0,0,20,1,50,1,9,0.1,0.99,0.9,10000,-3
328,0.853844134013,0.00500796757098,0.0,inf,50,50,<function relu at 0x7fea12451ed8>,"Elemwise{tanh,no_inplace}",0,0,20,1,50,1,9,0.1,0.95,0.99,10000,-3
329,0.804152099291,0.0220066520206,0.0,inf,50,50,<function relu at 0x7fea12451ed8>,"Elemwise{tanh,no_inplace}",0,0,20,1,50,1,9,0.1,0.97,0.99,10000,-3
331,0.824648185571,0.0011922547167,0.0,inf,50,50,<function relu at 0x7fea12451ed8>,"Elemwise{tanh,no_inplace}",0,0,20,1,50,1,9,0.1,0.99,0.99,10000,-3
