result,activation,f_bias,num_layers,initial_lr,lr_factor,lr_min,momentum,batch_size,size
,rel,-1,10,0.9770319718088903,0.9701178130785089,1e-05,0.797885581977544,20,50
,rel,-7,10,0.8232955786691367,0.9229108188060389,1e-05,0.8140074581712786,20,50
0.17235847777943128,rel,-5,10,0.0010784834990754577,0.9711723211324417,1e-05,0.6992877379053154,20,50
0.010868995623898325,rel,-9,10,0.033736240468824896,0.9690063733723308,1e-05,0.8802084165349029,20,50
0.06607485978024003,tanh,-4,10,0.007981059674971747,0.9803013455573545,1e-05,0.9242352938741909,20,50
0.002897913038082377,rel,-9,10,0.6886898530626793,0.9648511248243355,1e-05,0.9834156776205767,20,50
0.0001090662117613504,rel,-7,10,0.2614615418436053,0.9789687826794913,1e-05,0.2507777335531669,20,50
4.815751020656108e-05,rel,-1,10,0.013113031489718098,0.9881938965193033,1e-05,0.9808777413092076,20,50
0.059197454145003575,tanh,-2,10,0.026700866410673124,0.9183087268444305,1e-05,0.97896502680157,20,50
0.0005110740732348874,tanh,-4,10,0.2095565661918378,0.9681333780866062,1e-05,0.46627474427489735,20,50
0.00038366473848459263,rel,-2,10,0.05352941534756734,0.9469803610599785,1e-05,0.9569303552000881,20,50
0.2598122180340191,tanh,-1,10,0.00162411977180775,0.951860154440698,1e-05,0.6232989848732444,20,50
0.2623492791460206,tanh,-1,10,0.0010326505452767146,0.9685963047058119,1e-05,0.5117155930061532,20,50
0.021363849197878156,tanh,-3,10,0.011269952091560407,0.9860691437745631,1e-05,0.8102122666260322,20,50
0.049131604058163546,rel,-10,10,0.008923178082892417,0.9766767110656496,1e-05,0.6249868686738514,20,50
0.09433858077965367,tanh,-10,10,0.02444077453030055,0.9024404796093025,1e-05,0.9770454350401294,20,50
0.00031683104508818113,rel,-3,10,0.027970238852261298,0.9737824123676937,1e-05,0.705119493518119,20,50
0.0006271726249676838,rel,-3,10,0.008109171112184529,0.986713312175255,1e-05,0.7056197262331001,20,50
0.015270557970963031,tanh,-9,10,0.06637901926313776,0.9581734573623298,1e-05,0.8870156483929029,20,50
2.373063517316106e-05,rel,-1,10,0.10606539306905823,0.9729697831196447,1e-05,0.957930261074285,20,50
0.16235757586798477,rel,-5,10,0.0019289205277576878,0.9554705495476109,1e-05,0.9524607317541687,20,50
0.004157944476495326,tanh,-9,10,0.7592252188495547,0.9582109463530655,1e-05,0.9829561826718782,20,50
0.00204612380697331,rel,-9,10,0.04118944171230055,0.9831845121549259,1e-05,0.9857316389712741,20,50
0.10575949095180841,rel,-1,10,0.0010663266476728538,0.9473811561024583,1e-05,0.8935027394686418,20,50
0.007739642148463948,tanh,-4,10,0.033739920898300864,0.9806078036057763,1e-05,0.985318215931677,20,50
0.0008501544208326829,rel,-9,10,0.5268281830983078,0.9639900915451316,1e-05,0.3319809801409368,20,50
0.05208833723554077,tanh,-7,10,0.007380939707719301,0.9857004501256732,1e-05,0.9044799877251563,20,50
0.0068587210318521935,rel,-8,10,0.04243924123321306,0.960801204222251,1e-05,0.23544118128461433,20,50
0.0010828677313526878,tanh,-5,10,0.11185555547590437,0.9809208235651375,1e-05,0.9214385543800325,20,50
0.0015404073582397568,tanh,-5,10,0.30745686059406807,0.9391105839314215,1e-05,0.824374680239367,20,50
0.00042499236422202907,rel,-9,10,0.1252426707992933,0.9811730578649953,1e-05,0.9782290440327499,20,50
0.2532024641878282,tanh,-4,10,0.0023061942899658423,0.9346723011972072,1e-05,0.3549693894847732,20,50
0.0005378219896291561,rel,-10,10,0.16839238516422997,0.9761568574170155,1e-05,0.989119861786225,20,50
0.22191437248435492,tanh,-5,10,0.0046883960826998635,0.9036887365295463,1e-05,0.9588511304523595,20,50
0.1859866650745583,rel,-10,10,0.0034348583657455066,0.9292681156087739,1e-05,0.8747989829432803,20,50
0.08706689947063569,tanh,-4,10,0.00411376893891255,0.9850711298636649,1e-05,0.825635767558068,20,50
0.0003925663877593924,tanh,-7,10,0.347597817184266,0.9830748578734558,1e-05,0.9765814360157055,20,50
0.028318861829468613,tanh,-5,10,0.05131981920162913,0.9482242767273091,1e-05,0.9864403495383437,20,50
0.22835703238115335,tanh,-9,10,0.0013960091338067336,0.9664470967178609,1e-05,0.12740467415176615,20,50
0.00014868737298534253,rel,-3,10,0.015388252230014538,0.9869850826998058,1e-05,0.5377532858434564,20,50
0.030512322334456256,tanh,-3,10,0.035295794892607056,0.9501956036927353,1e-05,0.7743910625289205,20,50
1.3377817868771717e-05,rel,-2,10,0.1586933776926077,0.9873343550908863,1e-05,0.25583012348522827,20,50
0.00429605298467843,rel,-7,10,0.6848931211913406,0.9428433340452045,1e-05,0.5211464930090668,20,50
0.12980965806280922,rel,-2,10,0.0012620773561691373,0.9381466050518089,1e-05,0.7620942418389252,20,50
0.0025493760931874928,rel,-8,10,0.3883415060326402,0.9128057153156195,1e-05,0.8243220279020691,20,50
0.0896786876640205,tanh,-9,10,0.004975857054849214,0.9804967856699156,1e-05,0.9337928741041731,20,50
0.1612181613361463,tanh,-9,10,0.006012151485658622,0.9368075825212605,1e-05,0.7951514723512608,20,50
0.21845394353708253,tanh,-3,10,0.002629878878076667,0.9529785377602544,1e-05,0.8466925436267021,20,50
0.0016831647410436687,tanh,-8,10,0.2838916228520623,0.9685990510650212,1e-05,0.9025485116468556,20,50
0.020507034155118162,tanh,-10,10,0.05629979918000406,0.9586186411754714,1e-05,0.9591408135212081,20,50
0.2206068110753161,rel,-10,10,0.0016947987448469625,0.9483372881948061,1e-05,0.3753466105798413,20,50
0.006254545753856292,tanh,-6,10,0.1835327404316874,0.9445659262549669,1e-05,0.9755296709264286,20,50
0.0006020534447751705,rel,-4,10,0.046687157766256544,0.9605435043963894,1e-05,0.9798598557698105,20,50
0.19424181549965094,tanh,-4,10,0.005205661165858633,0.9250913892539965,1e-05,0.9735079983448865,20,50
0.15991995789157226,tanh,-1,10,0.0018369111058196806,0.9700943639651985,1e-05,0.9880351693558348,20,50
0.0012595725351839415,rel,-8,10,0.4303728808908153,0.9482228847630033,1e-05,0.9561408786204277,20,50
0.213836398969482,rel,-7,10,0.0017064729393718465,0.9367570549245685,1e-05,0.16008130329691928,20,50
0.12350080321721423,tanh,-8,10,0.00927073918198806,0.9406296146017409,1e-05,0.9823689408951172,20,50
0.04271024696946127,rel,-1,10,0.0011002820443608136,0.976677920354358,1e-05,0.8504629216408888,20,50
0.10640869788934167,tanh,-9,10,0.007849871355929277,0.9608875649014756,1e-05,0.9070586947547068,20,50
4.736073523621487e-05,rel,-2,10,0.07963526282847558,0.9774649736229876,1e-05,0.006430907886198489,20,50
2.6158124199635442e-05,tanh,-2,10,0.5770326580989146,0.9779620244207344,1e-05,0.9747752607034024,20,50
0.13086739037636047,rel,-5,10,0.001379357820664961,0.9776671836029792,1e-05,0.751584178717636,20,50
0.24928698289177068,tanh,-10,10,0.0017777931993211977,0.943263480873689,1e-05,0.6814999315121849,20,50
0.00013065317132927905,rel,-8,10,0.21633173250368304,0.9830577411470172,1e-05,0.6980275581206958,20,50
0.0044307450664448425,tanh,-9,10,0.432786889353017,0.935255545141155,1e-05,0.9895960737917813,20,50
8.762077849216062e-05,rel,-3,10,0.23838309267708543,0.9572115932243721,1e-05,0.14012827727913824,20,50
6.095807310537937e-05,tanh,-2,10,0.14885456533237695,0.983594803094109,1e-05,0.9212866544196572,20,50
0.04323801143491195,rel,-10,10,0.03126002492818647,0.9260144834834265,1e-05,0.9199424859365881,20,50
0.005225630786387455,tanh,-7,10,0.07506807606752935,0.9783967433673488,1e-05,0.43302513981734403,20,50
0.0856990130127912,rel,-6,10,0.0075605385520294615,0.940665514466661,1e-05,0.594963491294104,20,50
0.049338186023427016,tanh,-1,10,0.010606153014915482,0.945315696522188,1e-05,0.19658062628475936,20,50
0.002920082376304028,rel,-9,10,0.17678953493392158,0.9377613402017468,1e-05,0.9665287369659574,20,50
0.14405722249532119,tanh,-4,10,0.0015037302378439461,0.9891249751232551,1e-05,0.8968588036915169,20,50
0.01283109018959177,rel,-4,10,0.003836635312031862,0.9843860819341199,1e-05,0.8822446681569235,20,50
0.0030196062920870943,tanh,-1,10,0.04930845425757092,0.9382188476549902,1e-05,0.9480986094450643,20,50
1.0226580451981585e-05,rel,-1,10,0.034173715739910134,0.9891029628882243,1e-05,0.7652041793226361,20,50
0.00013933086255196205,tanh,-6,10,0.28598880749053784,0.9891817022942019,1e-05,0.9254004977586802,20,50
0.03874209425172133,rel,-5,10,0.008790430363685493,0.9540536997214064,1e-05,0.9184752731086138,20,50
0.0622272270086687,tanh,-8,10,0.019005622501954415,0.9530645833925855,1e-05,0.4722902189113848,20,50
0.0002611618180071993,rel,-1,10,0.014213784725936275,0.9711346281942921,1e-05,0.04079523544754615,20,50
0.02776212231749378,tanh,-4,10,0.010876571060076886,0.9877030459748202,1e-05,0.4988792485913086,20,50
0.004898628427255043,rel,-6,10,0.022249883928873806,0.9722799382599443,1e-05,0.7012274120616113,20,50
0.0007779600712825546,tanh,-5,10,0.3277095414353967,0.9518887091489004,1e-05,0.7931168918613323,20,50
0.05050531383042471,rel,-5,10,0.001966416548449978,0.9865224842913066,1e-05,0.9223628759171763,20,50
0.12596589754537368,tanh,-2,10,0.011814892463850288,0.9079762656977158,1e-05,0.6959333623080515,20,50
0.0006785416845703725,rel,-6,10,0.05220239818414772,0.9720941455612462,1e-05,0.9530876262679411,20,50
0.11552835713730503,tanh,-1,10,0.0017067374383792936,0.9821774733749667,1e-05,0.8723656512432468,20,50
0.00011173029526480307,rel,-7,10,0.20989861685935682,0.9819419762384135,1e-05,0.4307178103012298,20,50
0.07944147701999948,tanh,-8,10,0.007771023829291871,0.9758501209999391,1e-05,0.28211422941242714,20,50
0.07218006499307619,rel,-6,10,0.003786473321183585,0.9752188305509721,1e-05,0.016168656068073384,20,50
2.0801427286456654e-05,tanh,-1,10,0.9170975716730485,0.980799328068292,1e-05,0.9807096685755003,20,50
0.0035999795199864954,rel,-5,10,0.05390157567756917,0.9327190113360194,1e-05,0.984619187510568,20,50
0.26821836941254634,tanh,-5,10,0.002021879233763972,0.9260241454599853,1e-05,0.9288099337961876,20,50
0.00011376548085760667,rel,-3,10,0.33751640708012953,0.9482098476048206,1e-05,0.9550173834994472,20,50
0.06861998233032258,tanh,-10,10,0.003827757864851546,0.9895436985031932,1e-05,0.01860263814765617,20,50
0.07772630619554546,rel,-7,10,0.015170744208784392,0.9214812462429269,1e-05,0.9891031186655107,20,50
3.3654720191384604e-05,tanh,-1,10,0.5712832747478495,0.9664338685091102,1e-05,0.9203905315440964,20,50
0.004777161467182547,tanh,-4,10,0.10222325483689042,0.9547892638320884,1e-05,0.9892766910664755,20,50
0.007047135175540603,rel,-8,10,0.6393193986387902,0.9190892667989097,1e-05,0.9590805609043302,20,50
,rel,-9,20,0.6467501367599049,0.9643642875768416,1e-05,0.9863750717405881,20,50
,rel,-8,20,0.7335098320809545,0.9363386696768197,1e-05,0.86169274032939,20,50
,rel,-1,20,0.3255897438252512,0.9881262829333479,1e-05,0.8838792628618428,20,50
,rel,-9,20,0.9505769037684058,0.9838260797527235,1e-05,0.7749236583289933,20,50
,rel,-1,20,0.2813440712792409,0.9038347257924432,1e-05,0.9849941071870847,20,50
,rel,-9,20,0.5824750692129541,0.9348102694977896,1e-05,0.9601648509174823,20,50
,rel,-6,20,0.5096801547828461,0.9609670796995917,1e-05,0.9090192597999274,20,50
,rel,-2,20,0.5098945636458249,0.9874649085953074,1e-05,0.9869404845048376,20,50
0.10788918422426408,rel,-8,20,0.0026566687957671935,0.9761637404773315,1e-05,0.7804108582167169,20,50
0.2770113517930731,tanh,-4,20,0.001285238990518355,0.9591084097528306,1e-05,0.9597627401716755,20,50
0.00868975878589678,rel,-7,20,0.01971383646775169,0.9697835884661922,1e-05,0.9577009098514275,20,50
0.07753544826425302,tanh,-9,20,0.028309784492674284,0.9157231586376289,1e-05,0.4619252395967032,20,50
0.0882746965366338,rel,-10,20,0.002640178314509048,0.9858111284859539,1e-05,0.9643827282082421,20,50
0.10767942820404036,tanh,-9,20,0.016810649749298502,0.9133673086495285,1e-05,0.1702942793573694,20,50
0.025001639596570233,rel,-1,20,0.0032901822781549,0.9583532358106802,1e-05,0.6893376564824625,20,50
0.2509817854287103,tanh,-9,20,0.002200471126601518,0.9253430885909567,1e-05,0.8946885306681989,20,50
0.004123640538731555,rel,-10,20,0.03317601516005025,0.9792745303186705,1e-05,0.9853017288071754,20,50
0.002180417109865459,tanh,-10,20,0.12292487554492994,0.9806337360827705,1e-05,0.9472686438641634,20,50
0.17569692751330634,rel,-8,20,0.004315875953039181,0.9041695985486908,1e-05,0.695118955486894,20,50
0.00010033505706515674,tanh,-1,20,0.5984728455523645,0.9361808565175418,1e-05,0.9827069488825458,20,50
0.039663258125828486,rel,-2,20,0.004089168443558137,0.9411869030157919,1e-05,0.9871998404093293,20,50
0.020509976798928013,tanh,-6,20,0.057553730435195107,0.958177091595357,1e-05,0.7287323856212902,20,50
0.041329951033578255,tanh,-9,20,0.021940304809438836,0.9684636427400205,1e-05,0.008531160868200938,20,50
0.00019393685847878277,rel,-2,20,0.03467890814082192,0.9541650157746784,1e-05,0.986899517528852,20,50
0.0417915724903966,tanh,-8,20,0.017633729296267053,0.9747880239278076,1e-05,0.9352665314725986,20,50
7.543018768223868e-05,rel,-3,20,0.2568502613699768,0.9498271110069624,1e-05,0.6222383878684934,20,50
0.06405826876859647,tanh,-10,20,0.011606202911827474,0.9719416704021222,1e-05,0.8997434435989855,20,50
0.10197083447797922,rel,-3,20,0.002239481620503472,0.9458846001276078,1e-05,0.8490225897606803,20,50
0.013654388488649905,tanh,-9,20,0.04944693276574363,0.9719791354258264,1e-05,0.9320021255553275,20,50
0.00016773361500714817,rel,-4,20,0.021775299122125266,0.9819775295919126,1e-05,0.9163435842043702,20,50
0.00013225788631185672,tanh,-3,20,0.11174836771035446,0.9859163790676846,1e-05,0.6912221582533256,20,50
0.02334085238056772,tanh,-7,20,0.03967150912094414,0.9648737466006998,1e-05,0.04525049255509683,20,50
0.14331170808159124,rel,-8,20,0.001826095634019646,0.9734732571441177,1e-05,0.031129634402268236,20,50
0.15308729201621218,rel,-2,20,0.0013489693171302411,0.9087781101982058,1e-05,0.987968653994015,20,50
0.15860507595585657,tanh,-9,20,0.004498662634136025,0.9518767584047186,1e-05,0.9816138207738946,20,50
0.0006740249817015695,rel,-10,20,0.08512074798273765,0.9833942074269136,1e-05,0.9022806318587744,20,50
0.0007236694876981982,tanh,-6,20,0.19541805188016387,0.9804662734698856,1e-05,0.9593177741729858,20,50
0.05088243088126182,tanh,-10,20,0.019355430983251293,0.965441219657378,1e-05,0.9848659656818727,20,50
0.11211870783707127,rel,-10,20,0.010650096026563746,0.9191822057574509,1e-05,0.9350835871118324,20,50
0.18476728065575784,tanh,-5,20,0.00111564374482175,0.9867091746920645,1e-05,0.5568023893809748,20,50
0.0008413104234369793,rel,-2,20,0.08112095334976742,0.9075174949946916,1e-05,0.9791264867689355,20,50
4.318661357766788e-05,tanh,-3,20,0.3432840554383212,0.9828913640069822,1e-05,0.5101470799413743,20,50
9.822569862080854e-05,tanh,-1,20,0.04794615089291531,0.9890893470779561,1e-05,0.7438143576149627,20,50
0.001542600627665955,rel,-10,20,0.03882280928808311,0.9854349427811239,1e-05,0.9621658886303806,20,50
0.00023457373283405995,tanh,-2,20,0.11588418142993462,0.9620840573179317,1e-05,0.9807728075213499,20,50
0.003300415557069963,rel,-9,20,0.03108883362766823,0.9786912064317966,1e-05,0.8677835605781136,20,50
0.026698370759969593,tanh,-3,20,0.020311481543360935,0.974634320843338,1e-05,0.9880153793335775,20,50
4.748752556805676e-05,rel,-6,20,0.153150980714521,0.9869247671382264,1e-05,0.9318970844727642,20,50
0.004168250560013499,tanh,-1,20,0.007697423571229515,0.9892004333096693,1e-05,0.7702328976653728,20,50
0.0003013961637339535,rel,-2,20,0.003133990074171956,0.9885410345963044,1e-05,0.9645632482576759,20,50
0.06188331309325683,tanh,-1,20,0.003288654225881272,0.9804683004954065,1e-05,0.34127059583362007,20,50
0.03284399690329276,rel,-5,20,0.003321954659604117,0.9794629555175401,1e-05,0.8746375286839414,20,50
0.13472855042278145,tanh,-2,20,0.0062765815132010995,0.9492668090850167,1e-05,0.9145431085226255,20,50
6.192373692891215e-05,rel,-5,20,0.17462979079176005,0.9746039693544734,1e-05,0.8844832393146169,20,50
0.00175538922324255,tanh,-8,20,0.6560808136090642,0.9529816524257748,1e-05,0.7206391459763819,20,50
0.2211603831318207,rel,-8,20,0.0018053390945954445,0.937225809805412,1e-05,0.8562212641547027,20,50
0.0003743327193689853,tanh,-3,20,0.19857692374904506,0.9604713475767443,1e-05,0.9727197662316588,20,50
0.020659266955352903,rel,-9,20,0.048737947467670885,0.9318148900893022,1e-05,0.7499890718954452,20,50
0.11131356355998044,tanh,-9,20,0.007142875386196019,0.9602501573562763,1e-05,0.6307956456331145,20,50
0.000307760094668997,rel,-7,20,0.02898982350334742,0.9882907563352872,1e-05,0.84758249192768,20,50
0.0004501733494653344,tanh,-3,20,0.060973333500180846,0.9843257418176743,1e-05,0.9865640261611957,20,50
0.021154170299577044,rel,-9,20,0.035819697068631785,0.9426883876730173,1e-05,0.9439861063809523,20,50
0.041470653037627925,tanh,-10,20,0.012600971850316483,0.9814196424666192,1e-05,0.7668362520797042,20,50
0.10043499189374658,rel,-10,20,0.010137330336902815,0.9334221662150819,1e-05,0.9881244844897706,20,50
8.375797954577635e-05,tanh,-4,20,0.2581193779442568,0.9871720720088438,1e-05,0.8443535853974089,20,50
0.008230919469581825,rel,-7,20,0.008928698749050279,0.982903146901186,1e-05,0.9815690012999676,20,50
0.20618457924885053,tanh,-10,20,0.0022222396266614007,0.9583100028940137,1e-05,0.47671844144087827,20,50
0.21107030301711832,rel,-9,20,0.002390064787923997,0.918368985941459,1e-05,0.18330171836933784,20,50
0.00010881686024679797,tanh,-3,20,0.2764116849516295,0.9729601754002609,1e-05,0.18109379500383027,20,50
0.0003850672672577183,rel,-8,20,0.40780119392985864,0.9836837571759017,1e-05,0.9723237483367256,20,50
0.00021980102425537805,tanh,-7,20,0.8353045207699397,0.9625653355062604,1e-05,0.9285995875502536,20,50
0.0962687433558749,rel,-9,20,0.0037626637545111336,0.9730063364497331,1e-05,0.936258140382382,20,50
0.21734254317001128,tanh,-6,20,0.0023034372067544237,0.9550876896817944,1e-05,0.8622640651752509,20,50
0.0005437839149784474,rel,-9,20,0.04287985391169029,0.9882788574860436,1e-05,0.9784260546943759,20,50
0.06054635285529851,tanh,-2,20,0.029458786348960837,0.9029045954732251,1e-05,0.9883355440124175,20,50
0.00016315349849840762,tanh,-1,20,0.6369780538849134,0.9364361147940613,1e-05,0.9466194419487739,20,50
0.10127662032974574,tanh,-8,20,0.005314386930491532,0.9760399802185562,1e-05,0.9695434399318772,20,50
0.00021378109603066906,rel,-3,20,0.442548219290886,0.9079609472117671,1e-05,0.8499248234251732,20,50
0.00015313590370648854,rel,-10,20,0.31607419450063895,0.9828126050106665,1e-05,0.7894949875700843,20,50
0.0009110792300880183,tanh,-6,20,0.3331366430962674,0.9592319040933762,1e-05,0.011117150627289685,20,50
0.00016499978828651477,rel,-8,20,0.3426717759289551,0.9727590899966486,1e-05,0.9633237180145108,20,50
0.008592719902389944,tanh,-6,20,0.06529082921710072,0.9740488641831636,1e-05,0.7462428827901102,20,50
0.028590631830661246,tanh,-7,20,0.07332783472514336,0.9333960138100951,1e-05,0.34944141614410373,20,50
0.01505630429212967,rel,-5,20,0.017298348790132454,0.9416669865634872,1e-05,0.8801037038828173,20,50
0.14257871521559234,tanh,-5,20,0.002916980021975943,0.9787108287251661,1e-05,0.4571901809812987,20,50
0.0003866362368131608,rel,-7,20,0.2921586605379114,0.9511748898377067,1e-05,0.6241437051299212,20,50
0.13781381882634014,tanh,-10,20,0.005929878549449723,0.9532454032377402,1e-05,0.7951532367441134,20,50
0.02164452737670217,tanh,-8,20,0.026045758315244975,0.9787345062643794,1e-05,0.5860641708642464,20,50
0.0020784553620014773,tanh,-6,20,0.2719114796927291,0.9502874666746236,1e-05,0.6466840876243951,20,50
0.0031801038169533063,rel,-6,20,0.0071427147168367944,0.9872976432287072,1e-05,0.9041178503618978,20,50
0.021537641939336025,tanh,-10,20,0.09531298670905396,0.9278567951610293,1e-05,0.9512209841493309,20,50
0.005009871152605192,rel,-6,20,0.019500224816090223,0.9704135889648897,1e-05,0.452861544973276,20,50
0.00014750754825778694,tanh,-5,20,0.5182806626181705,0.9718561236076357,1e-05,0.984008902530816,20,50
0.0001041750780840179,rel,-2,20,0.05500141792201327,0.9594347880787906,1e-05,0.9245704993675198,20,50
0.055007189323582374,tanh,-7,20,0.010994116346868232,0.9780707374583603,1e-05,0.8658318479782164,20,50
0.0023112090979700026,rel,-5,20,0.07617199768200568,0.9124496792323044,1e-05,0.8334967019632772,20,50
0.0003275203111946799,tanh,-3,20,0.11174279752915278,0.977022120385442,1e-05,0.9516078467872847,20,50
0.005548583340372715,tanh,-9,20,0.12786902466454142,0.9608539556862609,1e-05,0.11360147053657221,20,50
0.0006039405741625197,rel,-3,20,0.14681963118770638,0.9045594658898888,1e-05,0.9757687167298541,20,50
0.0004218556026880892,tanh,-4,20,0.14641603242396053,0.9798214504283557,1e-05,0.23103148986497946,20,50
,rel,-8,50,0.15194555324586026,0.9804859126766695,1e-05,0.9815486018080414,20,50
,rel,-4,50,0.8663210179408543,0.9752209050870255,1e-05,0.9738864832305207,20,50
,rel,-8,50,0.4560347131751143,0.987360673214086,1e-05,0.9554915566100847,20,50
,rel,-4,50,0.9472443287363239,0.9471187356473215,1e-05,0.8067185398100044,20,50
,rel,-2,50,0.004535560548609724,0.9886448985635883,1e-05,0.8883544053054002,20,50
,rel,-8,50,0.8730624886435561,0.9135660438610994,1e-05,0.616606548188574,20,50
,rel,-1,50,0.011126661756683245,0.9097763917024012,1e-05,0.9837010715145261,20,50
,rel,-2,50,0.2769389472578092,0.9859405802158989,1e-05,0.9012668947589568,20,50
,rel,-4,50,0.9165825303279834,0.9863110857482035,1e-05,0.4648412425121812,20,50
,rel,-8,50,0.4809888334525181,0.97329113976457,1e-05,0.9277418055600124,20,50
,rel,-1,50,0.027347346402838986,0.9844050205929165,1e-05,0.09308613766250051,20,50
,rel,-3,50,0.11928212357216486,0.9874106561814895,1e-05,0.7982703406309072,20,50
,rel,-3,50,0.019847927763491438,0.948489725791759,1e-05,0.9801366583348526,20,50
,rel,-2,50,0.5584124208430293,0.9889344390721586,1e-05,0.9868650672163964,20,50
,rel,-5,50,0.053808832281194596,0.9858019384659855,1e-05,0.6254811171950602,20,50
,rel,-3,50,0.33273255623846665,0.9881842292511007,1e-05,0.9554247372447607,20,50
,rel,-3,50,0.019197919038517544,0.9717205236714751,1e-05,0.9403876061406694,20,50
,rel,-3,50,0.31615269459720724,0.9818157192842152,1e-05,0.7564880694933617,20,50
,rel,-1,50,0.9359776036292077,0.9585001685486741,1e-05,0.9411532060310944,20,50
0.00023396390870701435,rel,-6,50,0.6011576138006646,0.9519982850922837,1e-05,0.9665089105046623,20,50
0.014285136912628634,rel,-7,50,0.009143499919628461,0.9779921297683478,1e-05,0.8973632317745851,20,50
0.08284545679281777,tanh,-7,50,0.014415942175451706,0.9509962751395385,1e-05,0.7350990333904337,20,50
0.02496449544404944,tanh,-4,50,0.017961003918733585,0.9849423917050265,1e-05,0.9207082296233953,20,50
0.1838501955534642,tanh,-9,50,0.00323526283457968,0.954385771468542,1e-05,0.9867770506306763,20,50
0.003774425204114474,tanh,-10,50,0.07053650558712829,0.9826126389870096,1e-05,0.9810183470072937,20,50
0.041708379359615105,tanh,-6,50,0.04841262051838198,0.9383232504260239,1e-05,0.9785640109597891,20,50
0.10556106420175639,rel,-8,50,0.0016002263989480106,0.9868195706905128,1e-05,0.3950166948135062,20,50
0.16315471696217232,tanh,-5,50,0.0013538921190645989,0.9895652570226006,1e-05,0.9304275387623814,20,50
0.0265434213541076,rel,-4,50,0.0021334967409949745,0.9834438312597156,1e-05,0.1481844061948866,20,50
0.0033391479559521146,rel,-9,50,0.07422491306410176,0.9533887436006037,1e-05,0.30377821819958306,20,50
0.6852435501217842,tanh,-2,50,0.002588378319209193,0.9889502001177927,1e-05,0.9716064032324281,20,50
0.2416406098458295,rel,-6,50,0.0010329742413159534,0.9596649651357106,1e-05,0.9846357155829111,20,50
0.2440408449213331,tanh,-4,50,0.003578443315208164,0.9512856374391643,1e-05,0.9884916201862108,20,50
0.1065070136927922,rel,-3,50,0.0023938767179285054,0.9350769562752754,1e-05,0.98024052479457,20,50
0.04868853777367622,rel,-9,50,0.004775868184853726,0.984877893166083,1e-05,0.27611977627823847,20,50
6.769194321274577e-06,tanh,-2,50,0.46954272383085954,0.9868239353275269,1e-05,0.5414118237632239,20,50
0.19504819446693486,tanh,-7,50,0.0012859709154619142,0.9800677098275409,1e-05,0.6229653626563683,20,50
2.301159227291743,tanh,-1,50,0.1452465461316717,0.9589017860412443,1e-05,0.17592143540710925,20,50
0.10332609492536478,rel,-10,50,0.001540127810258414,0.9889289037051974,1e-05,0.9163746946469867,20,50
0.1356558517209099,tanh,-8,50,0.0023181081454880796,0.9830434537699576,1e-05,0.06693957256816951,20,50
0.0023356126276144655,rel,-9,50,0.35350282792241383,0.9150788419726468,1e-05,0.9888508260734142,20,50
0.24647396611981093,tanh,-10,50,0.0024337532520803625,0.9196706165681632,1e-05,0.7594022658406582,20,50
0.1243675699137772,tanh,-7,50,0.005795739373702669,0.9658946969738548,1e-05,0.9740247905997134,20,50
0.05926334909433112,tanh,-8,50,0.033125019138058445,0.930175013975798,1e-05,0.9527044318135576,20,50
0.002628595743788805,rel,-5,50,0.03367738728751241,0.9408016508019478,1e-05,0.9634574567776485,20,50
0.0024259229051946532,rel,-8,50,0.06777272683646658,0.9506930319286115,1e-05,0.9302261928315316,20,50
0.07412153237188855,tanh,-5,50,0.03444813460722655,0.9218904672115973,1e-05,0.12587991296665502,20,50
0.03178017543278111,rel,-5,50,0.009131191829757315,0.9487920362498026,1e-05,0.8959991720145366,20,50
0.26313407317735255,tanh,-10,50,0.0013379765612553393,0.9530715395609423,1e-05,0.9212204906394011,20,50
8.194471400543006e-05,rel,-4,50,0.19829440904695178,0.9464209384264791,1e-05,0.013410931745985177,20,50
0.011149757845062292,tanh,-6,50,0.08618017460472778,0.9605894737948633,1e-05,0.9726658488567612,20,50
0.14425928400782867,tanh,-9,50,0.0019552280374801733,0.9840762756349665,1e-05,0.6934348942451158,20,50
0.00011018651479692683,tanh,-2,50,0.09965993624824825,0.9854387800654857,1e-05,0.9438698728293634,20,50
0.00014264191442020648,rel,-10,50,0.21056094145307397,0.9855449976144935,1e-05,0.9808931267605604,20,50
0.04800564157198338,tanh,-4,50,0.03770464263289312,0.9520333625712203,1e-05,0.8379752253966938,20,50
0.06793013333870719,tanh,-7,50,0.015670826310056094,0.961085525173549,1e-05,0.9796871103417463,20,50
0.0011793962574961276,tanh,-4,50,0.2837152896167728,0.9411109529789137,1e-05,0.9871004327554841,20,50
0.11451767963605623,rel,-10,50,0.001390289792455584,0.9876638843941409,1e-05,0.9308734238982838,20,50
0.09983640921216769,tanh,-5,50,0.009022715216278688,0.9704472739686747,1e-05,0.9370560364589691,20,50
0.05577669623762874,tanh,-6,50,0.01446812781044985,0.9728252880411925,1e-05,0.9841193614461002,20,50
2.533507643781633e-05,rel,-5,50,0.052590146013234716,0.9870933151626318,1e-05,0.1247280860143094,20,50
0.01531692836455386,rel,-5,50,0.003256915181500791,0.9863111574980363,1e-05,0.8376365414313341,20,50
0.0004573900697526956,tanh,-6,50,0.4190662373375127,0.9644650473498467,1e-05,0.8563761180068996,20,50
7.680399176024365e-06,tanh,-2,50,0.2884918132327066,0.9889498461186894,1e-05,0.19201765941544857,20,50
0.0617569909938417,tanh,-9,50,0.009149787125557654,0.9798730513750727,1e-05,0.9677138627092021,20,50
0.00011353312442487118,rel,-8,50,0.13997454850899518,0.9835352704632196,1e-05,0.836017810513903,20,50
0.07180911510323251,tanh,-10,50,0.013044889935062764,0.9645307970637346,1e-05,0.9814927105467436,20,50
0.201833034993615,tanh,-10,50,0.004850409599077866,0.9138825134816989,1e-05,0.19952710619815672,20,50
0.03147062297231848,rel,-9,50,0.018785674502441035,0.958874060166768,1e-05,0.9874706899863075,20,50
2.3011598451137543,tanh,-1,50,0.0034684332331094245,0.9466683387994514,1e-05,0.9773304915633755,20,50
0.00029294108825049243,rel,-10,50,0.17421060477455053,0.9826313189895265,1e-05,0.9875184035405824,20,50
0.00020110158820940607,tanh,-4,50,0.34394230821454536,0.9707846108424888,1e-05,0.9558196741101129,20,50
0.00404797310679271,tanh,-10,50,0.6648154224371107,0.9392947902712646,1e-05,0.2746927903761095,20,50
0.001416983876250292,rel,-7,50,0.06345202833438608,0.958857664418032,1e-05,0.9246124734887651,20,50
0.09775980613411715,tanh,-3,50,0.028052653843925784,0.9091419945197103,1e-05,0.3194096947507603,20,50
0.12453070279490203,tanh,-9,50,0.002545513318869338,0.9832768250281667,1e-05,0.9887049424966927,20,50
7.42567370898269e-06,rel,-4,50,0.11189032307731815,0.9878609915678941,1e-05,0.4208926974408914,20,50
2.3011589341163634,tanh,-1,50,0.2615273266166821,0.9209781952803864,1e-05,0.5837191481291942,20,50
0.0012492567868750701,tanh,-8,50,0.34999340145448915,0.9728690210652939,1e-05,0.9699041593261627,20,50
0.17308349859000494,tanh,-3,50,0.015543125486860175,0.9004586098854686,1e-05,0.9779955325541216,20,50
0.09957770532226035,rel,-8,50,0.010142547621709852,0.9193872129359871,1e-05,0.7312920744816798,20,50
0.0009080038199667039,tanh,-5,50,0.28411578009575195,0.9600571686590408,1e-05,0.1301315079530887,20,50
0.013596096747078262,tanh,-7,50,0.07992546697718823,0.9570663615321898,1e-05,0.9772466111649247,20,50
4.2058712171128516e-05,rel,-4,50,0.5191796751516106,0.9611749201556631,1e-05,0.963268526559344,20,50
0.06450941792452553,tanh,-7,50,0.03655360387072116,0.9157038155561382,1e-05,0.23832996178389632,20,50
2.3011588880221048,tanh,-1,50,0.37350183993349806,0.9341793592289657,1e-05,0.9144020753182835,20,50
0.003747332743161569,rel,-6,50,0.018685310391359424,0.9661633574639535,1e-05,0.9897916657207828,20,50
0.03907754158139384,tanh,-7,50,0.0780405388788446,0.9062036541968829,1e-05,0.9813855442571077,20,50
0.009049659001875321,rel,-6,50,0.012381868655036982,0.9710807826360468,1e-05,0.9809059044655474,20,50
0.04464734832794057,tanh,-7,50,0.009111746563787465,0.9862227115747264,1e-05,0.9775585566962659,20,50
0.006839100653061394,rel,-4,50,0.003028516475980084,0.9841473314038757,1e-05,0.9515237236402682,20,50
0.0011538242781467148,tanh,-6,50,0.3918962100388948,0.9504175587752423,1e-05,0.729123219289903,20,50
0.05996091760819157,tanh,-5,50,0.057458247575432386,0.9047634404256405,1e-05,0.9566240262450925,20,50
0.0018213691484406961,rel,-5,50,0.053511235523740756,0.929848091708964,1e-05,0.9780912063473953,20,50
0.061168471237489336,tanh,-2,50,0.0059727031705888774,0.9851062522569213,1e-05,0.7582200604072196,20,50
0.002106346999603867,tanh,-10,50,0.0645316217233909,0.9894978787596187,1e-05,0.8735146323438435,20,50
0.0003146630111073051,rel,-5,50,0.008292947462770643,0.9881751280397737,1e-05,0.9438272147658067,20,50
0.24936948564555494,tanh,-8,50,0.002240232671965168,0.9252641250906904,1e-05,0.9685921378936463,20,50
0.001134146420609542,rel,-9,50,0.03576356643567967,0.9846934495825803,1e-05,0.9796999462092111,20,50
0.08944541715904294,tanh,-3,50,0.013299439239008637,0.9605723207916861,1e-05,0.9653772317266182,20,50
,rel,-9,100,0.2415658496684307,0.9705980947779409,1e-05,0.9636764596914631,20,50
,rel,-2,100,0.3925706886374678,0.9798050260268711,1e-05,0.936239886308302,20,50
,rel,-4,100,0.009847150137658406,0.9824195156295942,1e-05,0.9899335631655555,20,50
,rel,-3,100,0.04356117630294127,0.9480165402397073,1e-05,0.3809181509235202,20,50
,rel,-2,100,0.003399413437340259,0.9747032537649881,1e-05,0.7182038994778708,20,50
,rel,-5,100,0.10531446556450273,0.9510173348587759,1e-05,0.9896665518473463,20,50
,rel,-4,100,0.5063880992426064,0.9783574429751483,1e-05,0.8270816500323828,20,50
,rel,-9,100,0.20960376072812714,0.9757722098691098,1e-05,0.9554590792423295,20,50
,rel,-7,100,0.5559290312731574,0.9606734925507068,1e-05,0.23718459086637866,20,50
,rel,-4,100,0.002892480480951368,0.9853727368193921,1e-05,0.8364868378206072,20,50
,rel,-2,100,0.1972091285382473,0.9899064815120688,1e-05,0.9872888496045688,20,50
,rel,-9,100,0.5950018533401272,0.9894196336847046,1e-05,0.8419835251940571,20,50
,rel,-4,100,0.17820617073537173,0.9540891538051444,1e-05,0.971830012316069,20,50
0.2818190747303888,rel,-9,100,0.0010122322033024628,0.9235806829485358,1e-05,0.7246994991085209,20,50
0.020938396092121062,tanh,-5,100,0.02814141348733788,0.983313721678659,1e-05,0.9886621607975531,20,50
0.0019562174690958044,tanh,-10,100,0.11005526570361174,0.9828711451936167,1e-05,0.6551970156039884,20,50
0.0012074644829802375,tanh,-9,100,0.13434224871330586,0.9856622783963338,1e-05,0.9281659909474794,20,50
2.3011575207710266,rel,-1,100,0.001621903748273489,0.9247642223367856,1e-05,0.3665728634725296,20,50
0.1147128165345639,tanh,-5,100,0.024226397576802478,0.9243262438293051,1e-05,0.9392433881125632,20,50
0.22707967321077982,tanh,-10,100,0.0010609340916841222,0.9732263532584707,1e-05,0.8721304921429168,20,50
2.301158984581629,tanh,-1,100,0.0638948544063186,0.9565791248677173,1e-05,0.9195610282758827,20,50
2.301158934275309,rel,-1,100,0.0019216515389271186,0.9646227872408627,1e-05,0.898133587669875,20,50
0.27801555830333385,tanh,-10,100,0.0014184517205734057,0.9357737194712804,1e-05,0.9255112873636063,20,50
0.00913612732583715,rel,-9,100,0.03768788633549834,0.9582269505608166,1e-05,0.9070211006746812,20,50
2.301156972805659,tanh,-2,100,0.08170013767368954,0.9706403332742608,1e-05,0.9766156474660591,20,50
0.005143372831456115,tanh,-6,100,0.04240093034242951,0.9888085348997608,1e-05,0.6765578659061581,20,50
2.301159011443456,rel,-1,100,0.0024041463577847274,0.9806985420556581,1e-05,0.7589059920917041,20,50
0.04123136267528753,tanh,-7,100,0.07775425363063235,0.9032512337617901,1e-05,0.6405053885189042,20,50
0.16908798436773942,tanh,-8,100,0.003995385044562762,0.9534688694762101,1e-05,0.623655457282246,20,50
2.3011586124897008,rel,-1,100,0.008004784987528756,0.9595827021638095,1e-05,0.8351174070033391,20,50
0.1526636434053071,tanh,-5,100,0.006021610236116811,0.9704616375765792,1e-05,0.827880070453849,20,50
0.11387080754091342,rel,-7,100,0.0046361771148582965,0.9573133503606727,1e-05,0.9002244236605852,20,50
2.3011589998404185,tanh,-1,100,0.05415858848393461,0.9815118434012728,1e-05,0.7404666641446558,20,50
0.0036182195365424457,rel,-10,100,0.07660550441435328,0.9508149773839479,1e-05,0.7862085245242143,20,50
,rel,-5,100,0.8404215182838907,0.9520400180429085,1e-05,0.949513262703012,20,50
,rel,-3,100,0.095643602579446,0.9484566772727646,1e-05,0.9509212240464139,20,50
,rel,-4,100,0.479099356225247,0.9597934425456847,1e-05,0.9820152704056534,20,50
2.3011589668591816,tanh,-1,100,0.0237782335112281,0.9232818910188144,1e-05,0.475393477957903,20,50
0.0016737320560217123,rel,-10,100,0.14507887095018807,0.950431535895384,1e-05,0.9718387991050887,20,50
0.0017340817640708415,tanh,-7,100,0.11237388950840643,0.9853605352542841,1e-05,0.5378283530346856,20,50
2.2735256650447844,rel,-3,100,0.0010719648820198095,0.913532969136329,1e-05,0.5138062406686039,20,50
0.0009431721357535328,tanh,-3,100,0.04931938401223404,0.9810759119870758,1e-05,0.3303820752974518,20,50
0.015877785742782483,rel,-10,100,0.07968121123507575,0.9169133554816589,1e-05,0.16550892642250847,20,50
0.00103175643696765,tanh,-3,100,0.08720339774493166,0.9670679967363015,1e-05,0.9740595493415904,20,50
0.010109406590589703,rel,-9,100,0.01807503918157905,0.9727261308354077,1e-05,0.8553196264028706,20,50
0.03793124375222639,tanh,-6,100,0.018595755480523276,0.9797408066667234,1e-05,0.9881631849154341,20,50
0.021363475675302956,rel,-4,100,0.0037355486190973255,0.9708591285474812,1e-05,0.9795468517373515,20,50
0.11086788198227684,tanh,-3,100,0.011721480422061767,0.9701069314667033,1e-05,0.8070842095619063,20,50
2.3011590185165405,tanh,-1,100,0.08092063442711438,0.9562334191740876,1e-05,0.954403597651701,20,50
0.0007300405049152541,rel,-7,100,0.040057702622291,0.9712623894540605,1e-05,0.9846430497356216,20,50
0.00015914613604327526,rel,-5,100,0.07565129203329107,0.9573766108298493,1e-05,0.5562202270119103,20,50
2.3011590279738106,tanh,-1,100,0.8908730199277806,0.980859031902185,1e-05,0.537691411300298,20,50
2.3011589799722034,tanh,-1,100,0.0012612539125803847,0.9549994779350548,1e-05,0.9757011866465758,20,50
0.036640896468040106,tanh,-7,100,0.014854238134585538,0.9826851706169738,1e-05,0.8284851658094803,20,50
2.3011589813232423,tanh,-1,100,0.050199562554974445,0.9874897597062132,1e-05,0.9717703880414523,20,50
0.1367661351726856,rel,-8,100,0.002386349775547599,0.9714060434749302,1e-05,0.9682258155879877,20,50
0.08353760440228508,tanh,-9,100,0.013036583649177258,0.9558177845730124,1e-05,0.4660729253522474,20,50
2.301158682902654,rel,-1,100,0.002472812536193714,0.9182306979522523,1e-05,0.9829269315696106,20,50
2.3011590027809143,tanh,-1,100,0.011267092232665265,0.986407433800325,1e-05,0.48937418993066417,20,50
0.0001646619101193658,rel,-10,100,0.10640405312121827,0.9886614704787626,1e-05,0.9590321709776617,20,50
0.18370398139984656,tanh,-10,100,0.002256554947777365,0.968843585723629,1e-05,0.8190649146358031,20,50
2.3011587137381238,rel,-1,100,0.0017758245618039784,0.9343538491861264,1e-05,0.9650224874462823,20,50
2.3011584533850353,tanh,-2,100,0.07369662620800428,0.9894723696509564,1e-05,0.8593720144915151,20,50
0.0017106453854141826,rel,-10,100,0.04935800435150395,0.974313374004106,1e-05,0.981529742350098,20,50
0.0036103597714394866,tanh,-9,100,0.8967439690322379,0.943281057066054,1e-05,0.9426793404438654,20,50
8.929098368538465e-05,rel,-6,100,0.027762768242264795,0.9890434016342589,1e-05,0.9863155928737875,20,50
0.17866038151908048,tanh,-9,100,0.0015241441338954894,0.9807055377383024,1e-05,0.5684872122839053,20,50
0.007544486664109475,tanh,-8,100,0.07242800479604468,0.9744742398229213,1e-05,0.4044759227467192,20,50
2.301159040053686,rel,-1,100,0.5361245419501658,0.9742292141251577,1e-05,0.44747811471930765,20,50
0.003787667391216322,tanh,-5,100,0.4492329507795751,0.9060568362725682,1e-05,0.9391162832979874,20,50
2.301158924738566,rel,-1,100,0.01867664365606336,0.9382509162010694,1e-05,0.9771572712583252,20,50
2.301158839464188,tanh,-2,100,0.05476784505142552,0.9320247719812345,1e-05,0.7801063544601152,20,50
0.1409582560506339,tanh,-7,100,0.005149665011497001,0.9608870781535953,1e-05,0.8902218511798874,20,50
6.602496472463137e-05,rel,-5,100,0.020547916618952097,0.986682531894087,1e-05,0.9086994705660678,20,50
0.0417663286398941,tanh,-8,100,0.06483891142468008,0.9113088996394748,1e-05,0.9366829240882246,20,50
0.0045984307978662094,tanh,-8,100,0.04693286581877723,0.987313397418639,1e-05,0.9603017680956583,20,50
2.3011588250796002,rel,-1,100,0.01884008803206726,0.9878906748229372,1e-05,0.9559720347400688,20,50
0.24512340893037615,tanh,-3,100,0.023216679279281616,0.9103458137241788,1e-05,0.8043063746395439,20,50
0.2070537235204441,rel,-7,100,0.002232210868172031,0.9434538530223517,1e-05,0.9765568091585776,20,50
2.301159024397532,tanh,-1,100,0.0035298669867575797,0.9759427706231881,1e-05,0.8428881930703254,20,50
0.012321449951765923,tanh,-9,100,0.09634636846907434,0.9517106673394266,1e-05,0.7727981983429996,20,50
0.15438462423494398,rel,-4,100,0.0011499662447672474,0.96714452786132,1e-05,0.5610203835824659,20,50
0.0004577011353250263,tanh,-8,100,0.8169494565646901,0.9601785688074382,1e-05,0.8457134749247818,20,50
0.0015302812269942384,rel,-9,100,0.22885613263471657,0.9266086651251946,1e-05,0.9767966423463608,20,50
0.014838164022370013,tanh,-8,100,0.07874447662341442,0.9551632784962336,1e-05,0.4816755187618579,20,50
0.11765688269430151,rel,-6,100,0.002401751246601384,0.9794709471896151,1e-05,0.907273459418241,20,50
0.09100746986130252,tanh,-4,100,0.04286077752259212,0.9157988779203682,1e-05,0.7819704808990272,20,50
2.301158913930257,rel,-1,100,0.03521620041818583,0.9145105398781035,1e-05,0.06535894561886935,20,50
2.301157683134079,tanh,-2,100,0.13248787830881154,0.9740851658394587,1e-05,0.8376827518654146,20,50
0.05459224302947405,rel,-9,100,0.017597940323761895,0.9314713620567961,1e-05,0.8725552129968053,20,50
0.12716856749961153,tanh,-5,100,0.003296698505243764,0.987490241549095,1e-05,0.9452945117230189,20,50
2.3011584419409434,rel,-1,100,0.0229280254440301,0.9867376619242461,1e-05,0.3790784152975072,20,50
2.30115971215566,tanh,-1,100,0.43692669888167285,0.987112697989562,1e-05,0.8687184977262183,20,50
0.40184588644901914,tanh,-4,100,0.0034753518436303962,0.9331745096982719,1e-05,0.2853151590270986,20,50
0.006623182194619669,rel,-6,100,0.008845217397587788,0.9803828224878836,1e-05,0.9780487412336859,20,50
0.00033982565835656033,tanh,-8,100,0.7557252945290059,0.9666806879129604,1e-05,0.9598097824493764,20,50
0.00047224123727613394,rel,-8,100,0.06444969783287825,0.9733102956307691,1e-05,0.9394379406725839,20,50
0.001977603960397564,tanh,-9,100,0.5461177158046375,0.9635602995646586,1e-05,0.9382947663470032,20,50
2.3011593070030214,tanh,-2,100,0.010516333570498358,0.9825661114626585,1e-05,0.39374692486421947,20,50
0.17512541391700506,tanh,-6,100,0.0106015017090649,0.9033641393410321,1e-05,0.9899235212459723,20,50
